10,1,30,1,10,"MarkdownArtifact@4-13@packages/plugin-canvas/src/ui/renderers/markdown-artifact.tsx","packages/plugin-canvas/src/ui/renderers/markdown-artifact.tsx","MarkdownArtifact","MarkdownArtifact ( artifact ArtifactRendererProps )",4,13
1,1,13,0,1,"(anonymous)@19-19@packages/plugin-canvas/src/ui/renderers/svg-artifact.tsx","packages/plugin-canvas/src/ui/renderers/svg-artifact.tsx","(anonymous)","(anonymous)",19,19
13,4,94,1,14,"SvgArtifact@18-31@packages/plugin-canvas/src/ui/renderers/svg-artifact.tsx","packages/plugin-canvas/src/ui/renderers/svg-artifact.tsx","SvgArtifact","SvgArtifact ( artifact ArtifactRendererProps )",18,31
11,1,44,1,11,"DiffArtifact@11-21@packages/plugin-canvas/src/ui/renderers/diff-artifact.tsx","packages/plugin-canvas/src/ui/renderers/diff-artifact.tsx","DiffArtifact","DiffArtifact ( artifact ArtifactRendererProps )",11,21
4,1,9,0,4,"(anonymous)@56-59@packages/plugin-canvas/src/ui/renderers/sanitize.ts","packages/plugin-canvas/src/ui/renderers/sanitize.ts","(anonymous)","(anonymous)",56,59
4,1,9,0,4,"(anonymous)@60-63@packages/plugin-canvas/src/ui/renderers/sanitize.ts","packages/plugin-canvas/src/ui/renderers/sanitize.ts","(anonymous)","(anonymous)",60,63
4,1,9,0,4,"(anonymous)@64-67@packages/plugin-canvas/src/ui/renderers/sanitize.ts","packages/plugin-canvas/src/ui/renderers/sanitize.ts","(anonymous)","(anonymous)",64,67
4,1,9,0,4,"(anonymous)@68-71@packages/plugin-canvas/src/ui/renderers/sanitize.ts","packages/plugin-canvas/src/ui/renderers/sanitize.ts","(anonymous)","(anonymous)",68,71
4,1,9,0,4,"(anonymous)@72-75@packages/plugin-canvas/src/ui/renderers/sanitize.ts","packages/plugin-canvas/src/ui/renderers/sanitize.ts","(anonymous)","(anonymous)",72,75
4,1,9,0,4,"(anonymous)@76-79@packages/plugin-canvas/src/ui/renderers/sanitize.ts","packages/plugin-canvas/src/ui/renderers/sanitize.ts","(anonymous)","(anonymous)",76,79
4,1,9,0,4,"(anonymous)@80-83@packages/plugin-canvas/src/ui/renderers/sanitize.ts","packages/plugin-canvas/src/ui/renderers/sanitize.ts","(anonymous)","(anonymous)",80,83
21,1,146,1,51,"sanitizeSvg@44-94@packages/plugin-canvas/src/ui/renderers/sanitize.ts","packages/plugin-canvas/src/ui/renderers/sanitize.ts","sanitizeSvg","sanitizeSvg ( input )",44,94
18,1,54,1,18,"sanitizeHtmlSrcdoc@94-111@packages/plugin-canvas/src/ui/renderers/sanitize.ts","packages/plugin-canvas/src/ui/renderers/sanitize.ts","sanitizeHtmlSrcdoc","sanitizeHtmlSrcdoc ( input )",94,111
1,1,13,0,1,"(anonymous)@36-36@packages/plugin-canvas/src/ui/renderers/html-artifact.tsx","packages/plugin-canvas/src/ui/renderers/html-artifact.tsx","(anonymous)","(anonymous)",36,36
17,1,86,1,18,"HtmlArtifact@35-52@packages/plugin-canvas/src/ui/renderers/html-artifact.tsx","packages/plugin-canvas/src/ui/renderers/html-artifact.tsx","HtmlArtifact","HtmlArtifact ( artifact ArtifactRendererProps )",35,52
17,2,91,1,17,"ImageArtifact@19-35@packages/plugin-canvas/src/ui/renderers/image-artifact.tsx","packages/plugin-canvas/src/ui/renderers/image-artifact.tsx","ImageArtifact","ImageArtifact ( artifact ArtifactRendererProps )",19,35
17,2,79,1,17,"CodeArtifact@10-26@packages/plugin-canvas/src/ui/renderers/code-artifact.tsx","packages/plugin-canvas/src/ui/renderers/code-artifact.tsx","CodeArtifact","CodeArtifact ( artifact ArtifactRendererProps )",10,26
2,1,6,0,3,"(anonymous)@19-21@packages/plugin-canvas/src/ui/renderers/types.ts","packages/plugin-canvas/src/ui/renderers/types.ts","(anonymous)","(anonymous)",19,21
2,1,5,0,21,"NOOP@43-63@packages/plugin-canvas/src/ui/canvas-panel.tsx","packages/plugin-canvas/src/ui/canvas-panel.tsx","NOOP","NOOP ( )",43,63
1,3,14,0,1,"(anonymous)@76-76@packages/plugin-canvas/src/ui/canvas-panel.tsx","packages/plugin-canvas/src/ui/canvas-panel.tsx","(anonymous)","(anonymous)",76,76
6,2,27,1,6,"onKey@82-87@packages/plugin-canvas/src/ui/canvas-panel.tsx","packages/plugin-canvas/src/ui/canvas-panel.tsx","onKey","onKey ( e KeyboardEvent )",82,87
2,1,9,0,2,"(anonymous)@89-90@packages/plugin-canvas/src/ui/canvas-panel.tsx","packages/plugin-canvas/src/ui/canvas-panel.tsx","(anonymous)","(anonymous)",89,90
5,2,25,0,10,"(anonymous)@80-89@packages/plugin-canvas/src/ui/canvas-panel.tsx","packages/plugin-canvas/src/ui/canvas-panel.tsx","(anonymous)","(anonymous)",80,89
2,2,14,0,2,"(anonymous)@95-96@packages/plugin-canvas/src/ui/canvas-panel.tsx","packages/plugin-canvas/src/ui/canvas-panel.tsx","(anonymous)","(anonymous)",95,96
16,3,90,0,16,"(anonymous)@99-114@packages/plugin-canvas/src/ui/canvas-panel.tsx","packages/plugin-canvas/src/ui/canvas-panel.tsx","(anonymous)","(anonymous)",99,114
3,3,16,0,3,"(anonymous)@116-118@packages/plugin-canvas/src/ui/canvas-panel.tsx","packages/plugin-canvas/src/ui/canvas-panel.tsx","(anonymous)","(anonymous)",116,118
1,1,9,0,1,"(anonymous)@120-120@packages/plugin-canvas/src/ui/canvas-panel.tsx","packages/plugin-canvas/src/ui/canvas-panel.tsx","(anonymous)","(anonymous)",120,120
5,1,14,1,5,"(anonymous)@147-151@packages/plugin-canvas/src/ui/canvas-panel.tsx","packages/plugin-canvas/src/ui/canvas-panel.tsx","(anonymous)","(anonymous) ( artifact kind artifact version )",147,151
11,1,33,1,11,"(anonymous)@154-164@packages/plugin-canvas/src/ui/canvas-panel.tsx","packages/plugin-canvas/src/ui/canvas-panel.tsx","(anonymous)","(anonymous) ( copyText )",154,164
115,20,447,11,174,"CanvasPanel@63-236@packages/plugin-canvas/src/ui/canvas-panel.tsx","packages/plugin-canvas/src/ui/canvas-panel.tsx","CanvasPanel","CanvasPanel ( open , onOpenChange , artifact , versions , onVersionSelect , renderers , onFork , hideActions , className , ariaLabel , CanvasPanelProps )",63,236
25,10,183,1,40,"slugifyFilename@65-104@packages/plugin-canvas/src/ui/artifact-actions.ts","packages/plugin-canvas/src/ui/artifact-actions.ts","slugifyFilename","slugifyFilename ( title )",65,104
39,19,250,1,40,"serializeArtifactForCopy@104-143@packages/plugin-canvas/src/ui/artifact-actions.ts","packages/plugin-canvas/src/ui/artifact-actions.ts","serializeArtifactForCopy","serializeArtifactForCopy ( artifact Artifact )",104,143
4,3,24,0,4,"candidates@53-56@packages/plugin-canvas/src/ui/open-in-canvas-button.tsx","packages/plugin-canvas/src/ui/open-in-canvas-button.tsx","candidates","candidates ( ( )",53,56
10,1,44,8,13,"OpenInCanvasButton@44-56@packages/plugin-canvas/src/ui/open-in-canvas-button.tsx","packages/plugin-canvas/src/ui/open-in-canvas-button.tsx","OpenInCanvasButton","OpenInCanvasButton ( messageContent , messageId , sessionId , onPublish , label , extractor , className , OpenInCanvasButtonProps )",44,56
3,1,10,0,3,"(anonymous)@59-61@packages/plugin-canvas/src/ui/open-in-canvas-button.tsx","packages/plugin-canvas/src/ui/open-in-canvas-button.tsx","(anonymous)","(anonymous)",59,61
1,2,11,0,1,"(anonymous)@91-91@packages/plugin-canvas/src/ui/open-in-canvas-button.tsx","packages/plugin-canvas/src/ui/open-in-canvas-button.tsx","(anonymous)","(anonymous)",91,91
9,1,32,0,9,"(anonymous)@125-133@packages/plugin-canvas/src/ui/open-in-canvas-button.tsx","packages/plugin-canvas/src/ui/open-in-canvas-button.tsx","(anonymous)","(anonymous)",125,133
18,1,40,0,18,"CanvasIcon@140-157@packages/plugin-canvas/src/ui/open-in-canvas-button.tsx","packages/plugin-canvas/src/ui/open-in-canvas-button.tsx","CanvasIcon","CanvasIcon ( )",140,157
7,1,37,1,8,"base@54-61@packages/plugin-canvas/src/ui/extract-artifacts.ts","packages/plugin-canvas/src/ui/extract-artifacts.ts","base","base ( suffix )",54,61
7,1,24,0,7,"build@72-78@packages/plugin-canvas/src/ui/extract-artifacts.ts","packages/plugin-canvas/src/ui/extract-artifacts.ts","build","build ( )",72,78
8,2,36,0,8,"build@84-91@packages/plugin-canvas/src/ui/extract-artifacts.ts","packages/plugin-canvas/src/ui/extract-artifacts.ts","build","build ( )",84,91
7,1,24,0,7,"build@104-110@packages/plugin-canvas/src/ui/extract-artifacts.ts","packages/plugin-canvas/src/ui/extract-artifacts.ts","build","build ( )",104,110
7,1,26,0,7,"build@117-123@packages/plugin-canvas/src/ui/extract-artifacts.ts","packages/plugin-canvas/src/ui/extract-artifacts.ts","build","build ( )",117,123
47,13,336,2,83,"extractArtifactCandidates@47-129@packages/plugin-canvas/src/ui/extract-artifacts.ts","packages/plugin-canvas/src/ui/extract-artifacts.ts","extractArtifactCandidates","extractArtifactCandidates ( body , ctx ExtractContext , )",47,129
7,4,48,2,8,"isInsideAnySpan@129-136@packages/plugin-canvas/src/ui/extract-artifacts.ts","packages/plugin-canvas/src/ui/extract-artifacts.ts","isInsideAnySpan","isInsideAnySpan ( index , spans Array )",129,136
3,1,16,1,3,"title@144-146@packages/plugin-canvas/src/ui/extract-artifacts.ts","packages/plugin-canvas/src/ui/extract-artifacts.ts","title","title ( s )",144,146
158,38,1285,2,201,"reducer@53-253@packages/plugin-canvas/src/ui/use-canvas.ts","packages/plugin-canvas/src/ui/use-canvas.ts","reducer","reducer ( state CanvasState , action CanvasAction )",53,253
1,1,5,0,1,"(anonymous)@48-48@packages/plugin-canvas/src/ui/artifact-version-rail.tsx","packages/plugin-canvas/src/ui/artifact-version-rail.tsx","(anonymous)","(anonymous)",48,48
20,4,90,0,20,"(anonymous)@45-64@packages/plugin-canvas/src/ui/artifact-version-rail.tsx","packages/plugin-canvas/src/ui/artifact-version-rail.tsx","(anonymous)","(anonymous)",45,64
20,2,71,5,39,"ArtifactVersionRail@27-65@packages/plugin-canvas/src/ui/artifact-version-rail.tsx","packages/plugin-canvas/src/ui/artifact-version-rail.tsx","ArtifactVersionRail","ArtifactVersionRail ( versions , currentVersion , onSelect , className , ArtifactVersionRailProps )",27,65
2,1,6,0,2,"(anonymous)@67-68@packages/plugin-canvas/src/ui/artifact-renderer.tsx","packages/plugin-canvas/src/ui/artifact-renderer.tsx","(anonymous)","(anonymous)",67,68
30,2,137,2,34,"ArtifactRenderer@46-79@packages/plugin-canvas/src/ui/artifact-renderer.tsx","packages/plugin-canvas/src/ui/artifact-renderer.tsx","ArtifactRenderer","ArtifactRenderer ( artifact , renderers ArtifactRendererProps )",46,79
14,4,60,2,17,"emit@48-64@packages/plugin-canvas/src/server/artifact-bus.ts","packages/plugin-canvas/src/server/artifact-bus.ts","emit","emit ( conversationId , artifact )",48,64
6,3,38,0,6,"(anonymous)@72-77@packages/plugin-canvas/src/server/artifact-bus.ts","packages/plugin-canvas/src/server/artifact-bus.ts","(anonymous)","(anonymous)",72,77
9,2,49,2,14,"subscribe@65-78@packages/plugin-canvas/src/server/artifact-bus.ts","packages/plugin-canvas/src/server/artifact-bus.ts","subscribe","subscribe ( conversationId , handler )",65,78
3,1,13,0,3,"listConversations@79-81@packages/plugin-canvas/src/server/artifact-bus.ts","packages/plugin-canvas/src/server/artifact-bus.ts","listConversations","listConversations ( )",79,81
3,1,9,0,3,"dispose@82-84@packages/plugin-canvas/src/server/artifact-bus.ts","packages/plugin-canvas/src/server/artifact-bus.ts","dispose","dispose ( )",82,84
9,1,36,0,43,"createArtifactBus@44-86@packages/plugin-canvas/src/server/artifact-bus.ts","packages/plugin-canvas/src/server/artifact-bus.ts","createArtifactBus","createArtifactBus ( )",44,86
2,1,18,2,3,"sortAsc@52-54@packages/plugin-canvas/src/store.ts","packages/plugin-canvas/src/store.ts","sortAsc","sortAsc ( a Artifact , b Artifact )",52,54
1,1,8,0,1,"(anonymous)@59-59@packages/plugin-canvas/src/store.ts","packages/plugin-canvas/src/store.ts","(anonymous)","(anonymous)",59,59
13,5,99,1,13,"insert@55-67@packages/plugin-canvas/src/store.ts","packages/plugin-canvas/src/store.ts","insert","insert ( artifact )",55,67
1,1,6,0,1,"(anonymous)@72-72@packages/plugin-canvas/src/store.ts","packages/plugin-canvas/src/store.ts","(anonymous)","(anonymous)",72,72
5,3,51,0,5,"(anonymous)@91-95@packages/plugin-canvas/src/store.ts","packages/plugin-canvas/src/store.ts","(anonymous)","(anonymous)",91,95
5,6,47,1,5,"nextVersion@98-102@packages/plugin-canvas/src/store.ts","packages/plugin-canvas/src/store.ts","nextVersion","nextVersion ( id )",98,102
1,1,6,0,1,"(anonymous)@113-113@packages/plugin-canvas/src/store.ts","packages/plugin-canvas/src/store.ts","(anonymous)","(anonymous)",113,113
17,6,113,2,17,"delete@103-119@packages/plugin-canvas/src/store.ts","packages/plugin-canvas/src/store.ts","delete","delete ( id , version )",103,119
35,24,282,0,82,"createInMemoryArtifactStore@49-130@packages/plugin-canvas/src/store.ts","packages/plugin-canvas/src/store.ts","createInMemoryArtifactStore","createInMemoryArtifactStore ( )",49,130
21,4,120,1,22,"rowToArtifact@157-178@packages/plugin-canvas/src/store.ts","packages/plugin-canvas/src/store.ts","rowToArtifact","rowToArtifact ( row ArtifactRow )",157,178
3,1,12,0,3,"(anonymous)@192-194@packages/plugin-canvas/src/store.ts","packages/plugin-canvas/src/store.ts","(anonymous)","(anonymous)",192,194
26,6,140,1,26,"insert@214-239@packages/plugin-canvas/src/store.ts","packages/plugin-canvas/src/store.ts","insert","insert ( artifact )",214,239
97,28,582,1,133,"createSqliteArtifactStore@178-310@packages/plugin-canvas/src/store.ts","packages/plugin-canvas/src/store.ts","createSqliteArtifactStore","createSqliteArtifactStore ( options CreateSqliteArtifactStoreOptions , )",178,310
9,1,50,1,12,"stripEnvelope@313-324@packages/plugin-canvas/src/store.ts","packages/plugin-canvas/src/store.ts","stripEnvelope","stripEnvelope ( a Artifact )",313,324
4,1,33,2,4,"constructor@19-22@packages/plugin-canvas/src/errors.ts","packages/plugin-canvas/src/errors.ts","constructor","constructor ( message , options cause )",19,22
8,1,42,3,8,"constructor@28-35@packages/plugin-canvas/src/errors.ts","packages/plugin-canvas/src/errors.ts","constructor","constructor ( message , issues ReadonlyArray , options cause , )",28,35
4,1,22,1,4,"constructor@41-44@packages/plugin-canvas/src/errors.ts","packages/plugin-canvas/src/errors.ts","constructor","constructor ( artifactId )",41,44
4,1,30,3,4,"constructor@50-53@packages/plugin-canvas/src/errors.ts","packages/plugin-canvas/src/errors.ts","constructor","constructor ( message , reason , options cause )",50,53
7,1,46,2,8,"jsonResponse@51-58@packages/plugin-canvas/src/route-handlers.ts","packages/plugin-canvas/src/route-handlers.ts","jsonResponse","jsonResponse ( body , init ResponseInit status )",51,58
4,1,35,3,5,"jsonError@58-62@packages/plugin-canvas/src/route-handlers.ts","packages/plugin-canvas/src/route-handlers.ts","jsonError","jsonError ( status , code , message )",58,62
21,12,186,1,22,"parseListFilter@62-83@packages/plugin-canvas/src/route-handlers.ts","packages/plugin-canvas/src/route-handlers.ts","parseListFilter","parseListFilter ( url URL )",62,83
4,1,16,1,5,"isCanvasError@83-87@packages/plugin-canvas/src/route-handlers.ts","packages/plugin-canvas/src/route-handlers.ts","isCanvasError","isCanvasError ( err )",83,87
9,2,51,1,9,"list@93-101@packages/plugin-canvas/src/route-handlers.ts","packages/plugin-canvas/src/route-handlers.ts","list","list ( request )",93,101
30,10,176,1,34,"create@103-136@packages/plugin-canvas/src/route-handlers.ts","packages/plugin-canvas/src/route-handlers.ts","create","create ( request )",103,136
11,3,69,1,11,"getOne@138-148@packages/plugin-canvas/src/route-handlers.ts","packages/plugin-canvas/src/route-handlers.ts","getOne","getOne ( , params )",138,148
11,3,65,1,11,"getVersions@150-160@packages/plugin-canvas/src/route-handlers.ts","packages/plugin-canvas/src/route-handlers.ts","getVersions","getVersions ( , params )",150,160
8,2,46,1,8,"remove@162-169@packages/plugin-canvas/src/route-handlers.ts","packages/plugin-canvas/src/route-handlers.ts","remove","remove ( , params )",162,169
13,1,42,1,87,"createArtifactRouteHandlers@87-173@packages/plugin-canvas/src/route-handlers.ts","packages/plugin-canvas/src/route-handlers.ts","createArtifactRouteHandlers","createArtifactRouteHandlers ( options ArtifactRouteHandlerOptions , )",87,173
13,5,88,1,13,"errorToResponse@173-185@packages/plugin-canvas/src/route-handlers.ts","packages/plugin-canvas/src/route-handlers.ts","errorToResponse","errorToResponse ( err )",173,185
13,6,64,1,17,"extractArtifactCandidate@105-121@packages/plugin-canvas/src/define-artifact-tool.ts","packages/plugin-canvas/src/define-artifact-tool.ts","extractArtifactCandidate","extractArtifactCandidate ( input )",105,121
8,1,33,1,9,"buildDescription@121-129@packages/plugin-canvas/src/define-artifact-tool.ts","packages/plugin-canvas/src/define-artifact-tool.ts","buildDescription","buildDescription ( allowed ReadonlyArray )",121,129
1,1,21,0,1,"(anonymous)@157-157@packages/plugin-canvas/src/define-artifact-tool.ts","packages/plugin-canvas/src/define-artifact-tool.ts","(anonymous)","(anonymous)",157,157
36,6,188,2,38,"handler@148-185@packages/plugin-canvas/src/define-artifact-tool.ts","packages/plugin-canvas/src/define-artifact-tool.ts","handler","handler ( input , ctx ArtifactToolHandlerContext , )",148,185
19,8,84,1,65,"defineArtifactTool@129-193@packages/plugin-canvas/src/define-artifact-tool.ts","packages/plugin-canvas/src/define-artifact-tool.ts","defineArtifactTool","defineArtifactTool ( options DefineArtifactToolOptions )",129,193
1,1,9,0,1,"(anonymous)@59-59@packages/plugin-canvas/src/schema.ts","packages/plugin-canvas/src/schema.ts","(anonymous)","(anonymous)",59,59
2,1,17,1,3,"byteLength@76-78@packages/plugin-canvas/src/schema.ts","packages/plugin-canvas/src/schema.ts","byteLength","byteLength ( s )",76,78
2,1,11,2,2,"sized@78-79@packages/plugin-canvas/src/schema.ts","packages/plugin-canvas/src/schema.ts","sized","sized ( max , fieldName )",78,79
3,1,23,0,3,"(anonymous)@79-81@packages/plugin-canvas/src/schema.ts","packages/plugin-canvas/src/schema.ts","(anonymous)","(anonymous)",79,81
3,1,27,0,3,"(anonymous)@124-126@packages/plugin-canvas/src/schema.ts","packages/plugin-canvas/src/schema.ts","(anonymous)","(anonymous)",124,126
1,1,22,0,1,"(anonymous)@163-163@packages/plugin-canvas/src/schema.ts","packages/plugin-canvas/src/schema.ts","(anonymous)","(anonymous)",163,163
3,1,19,0,3,"(anonymous)@166-168@packages/plugin-canvas/src/schema.ts","packages/plugin-canvas/src/schema.ts","(anonymous)","(anonymous)",166,168
3,1,14,0,3,"(anonymous)@177-179@packages/plugin-canvas/src/schema.ts","packages/plugin-canvas/src/schema.ts","(anonymous)","(anonymous)",177,179
4,1,22,0,4,"(anonymous)@231-234@packages/plugin-canvas/src/schema.ts","packages/plugin-canvas/src/schema.ts","(anonymous)","(anonymous)",231,234
7,2,43,0,7,"(anonymous)@56-62@packages/plugin-copilot/src/react/CopilotChat.tsx","packages/plugin-copilot/src/react/CopilotChat.tsx","(anonymous)","(anonymous)",56,62
6,5,45,0,6,"(anonymous)@73-78@packages/plugin-copilot/src/react/CopilotChat.tsx","packages/plugin-copilot/src/react/CopilotChat.tsx","(anonymous)","(anonymous)",73,78
1,1,1,0,1,"(anonymous)@87-87@packages/plugin-copilot/src/react/CopilotChat.tsx","packages/plugin-copilot/src/react/CopilotChat.tsx","(anonymous)","(anonymous)",87,87
70,18,485,1,84,"CopilotChat@47-130@packages/plugin-copilot/src/react/CopilotChat.tsx","packages/plugin-copilot/src/react/CopilotChat.tsx","CopilotChat","CopilotChat ( props CopilotChatProps )",47,130
3,1,17,1,3,"isCopilotConnectionId@68-70@packages/plugin-copilot/src/react/copilot-context.ts","packages/plugin-copilot/src/react/copilot-context.ts","isCopilotConnectionId","isCopilotConnectionId ( connectionId )",68,70
8,2,43,1,14,"useCopilotContextOrThrow@14-27@packages/plugin-copilot/src/react/hooks.ts","packages/plugin-copilot/src/react/hooks.ts","useCopilotContextOrThrow","useCopilotContextOrThrow ( hook )",14,27
4,1,13,0,11,"useCopilot@27-37@packages/plugin-copilot/src/react/hooks.ts","packages/plugin-copilot/src/react/hooks.ts","useCopilot","useCopilot ( )",27,37
8,4,62,0,8,"(anonymous)@39-46@packages/plugin-copilot/src/react/hooks.ts","packages/plugin-copilot/src/react/hooks.ts","(anonymous)","(anonymous)",39,46
4,1,41,1,11,"useCopilotPresence@37-47@packages/plugin-copilot/src/react/hooks.ts","packages/plugin-copilot/src/react/hooks.ts","useCopilotPresence","useCopilotPresence ( localConnectionId )",37,47
3,1,17,0,3,"(anonymous)@66-68@packages/plugin-copilot/src/react/hooks.ts","packages/plugin-copilot/src/react/hooks.ts","(anonymous)","(anonymous)",66,68
7,1,39,0,9,"(anonymous)@61-69@packages/plugin-copilot/src/react/hooks.ts","packages/plugin-copilot/src/react/hooks.ts","(anonymous)","(anonymous)",61,69
3,1,17,0,3,"(anonymous)@90-92@packages/plugin-copilot/src/react/hooks.ts","packages/plugin-copilot/src/react/hooks.ts","(anonymous)","(anonymous)",90,92
7,1,30,0,9,"(anonymous)@85-93@packages/plugin-copilot/src/react/hooks.ts","packages/plugin-copilot/src/react/hooks.ts","(anonymous)","(anonymous)",85,93
3,1,17,0,3,"useCopilotMessages@101-103@packages/plugin-copilot/src/react/hooks.ts","packages/plugin-copilot/src/react/hooks.ts","useCopilotMessages","useCopilotMessages ( )",101,103
3,1,14,0,3,"useCopilotTyping@110-112@packages/plugin-copilot/src/react/hooks.ts","packages/plugin-copilot/src/react/hooks.ts","useCopilotTyping","useCopilotTyping ( )",110,112
4,2,23,0,4,"(anonymous)@58-61@packages/plugin-copilot/src/react/copilot-provider.tsx","packages/plugin-copilot/src/react/copilot-provider.tsx","(anonymous)","(anonymous)",58,61
8,3,56,0,8,"(anonymous)@63-70@packages/plugin-copilot/src/react/copilot-provider.tsx","packages/plugin-copilot/src/react/copilot-provider.tsx","(anonymous)","(anonymous)",63,70
4,1,10,0,4,"(anonymous)@71-74@packages/plugin-copilot/src/react/copilot-provider.tsx","packages/plugin-copilot/src/react/copilot-provider.tsx","(anonymous)","(anonymous)",71,74
6,1,48,0,20,"(anonymous)@56-75@packages/plugin-copilot/src/react/copilot-provider.tsx","packages/plugin-copilot/src/react/copilot-provider.tsx","(anonymous)","(anonymous)",56,75
3,1,16,0,3,"(anonymous)@78-80@packages/plugin-copilot/src/react/copilot-provider.tsx","packages/plugin-copilot/src/react/copilot-provider.tsx","(anonymous)","(anonymous)",78,80
1,1,1,0,1,"(anonymous)@86-86@packages/plugin-copilot/src/react/copilot-provider.tsx","packages/plugin-copilot/src/react/copilot-provider.tsx","(anonymous)","(anonymous)",86,86
2,2,11,0,2,"(anonymous)@87-88@packages/plugin-copilot/src/react/copilot-provider.tsx","packages/plugin-copilot/src/react/copilot-provider.tsx","(anonymous)","(anonymous)",87,88
1,2,5,0,1,"(anonymous)@92-92@packages/plugin-copilot/src/react/copilot-provider.tsx","packages/plugin-copilot/src/react/copilot-provider.tsx","(anonymous)","(anonymous)",92,92
19,3,210,1,45,"CopilotProvider@48-92@packages/plugin-copilot/src/react/copilot-provider.tsx","packages/plugin-copilot/src/react/copilot-provider.tsx","CopilotProvider","CopilotProvider ( props CopilotProviderProps )",48,92
11,1,22,0,11,"(anonymous)@95-105@packages/plugin-copilot/src/react/copilot-provider.tsx","packages/plugin-copilot/src/react/copilot-provider.tsx","(anonymous)","(anonymous)",95,105
14,2,58,2,15,"presenceFromMap@111-125@packages/plugin-copilot/src/react/copilot-provider.tsx","packages/plugin-copilot/src/react/copilot-provider.tsx","presenceFromMap","presenceFromMap ( connectionId , p Record )",111,125
60,22,431,6,62,"handleFrame@125-186@packages/plugin-copilot/src/react/copilot-provider.tsx","packages/plugin-copilot/src/react/copilot-provider.tsx","handleFrame","handleFrame ( frame CopilotFrame , messageIdRef React MutableRefObject , cap , setMessages React Dispatch , setPresence React Dispatch , setLastError React Dispatch , )",125,186
25,11,185,3,29,"evaluate@38-66@packages/plugin-copilot/src/internal/trigger-evaluator.ts","packages/plugin-copilot/src/internal/trigger-evaluator.ts","evaluate","evaluate ( triggers ReadonlyArray , frame CopilotFrame , roomId )",38,66
5,1,26,3,5,"scheduleIdleCheck@73-77@packages/plugin-copilot/src/internal/trigger-evaluator.ts","packages/plugin-copilot/src/internal/trigger-evaluator.ts","scheduleIdleCheck","scheduleIdleCheck ( roomId , trigger Extract , onIdle ( )",73,77
19,6,127,0,20,"check@81-100@packages/plugin-copilot/src/internal/trigger-evaluator.ts","packages/plugin-copilot/src/internal/trigger-evaluator.ts","check","check ( )",81,100
7,2,36,0,7,"(anonymous)@103-109@packages/plugin-copilot/src/internal/trigger-evaluator.ts","packages/plugin-copilot/src/internal/trigger-evaluator.ts","(anonymous)","(anonymous)",103,109
7,2,55,0,34,"(anonymous)@77-110@packages/plugin-copilot/src/internal/trigger-evaluator.ts","packages/plugin-copilot/src/internal/trigger-evaluator.ts","(anonymous)","(anonymous)",77,110
13,5,87,2,14,"matchesTrigger@123-136@packages/plugin-copilot/src/internal/trigger-evaluator.ts","packages/plugin-copilot/src/internal/trigger-evaluator.ts","matchesTrigger","matchesTrigger ( trigger CopilotTrigger , frame CopilotFrame )",123,136
16,4,77,1,19,"ensureCanvasPeer@17-35@packages/plugin-copilot/src/internal/canvas-bridge.ts","packages/plugin-copilot/src/internal/canvas-bridge.ts","ensureCanvasPeer","ensureCanvasPeer ( config CopilotCanvasConfig undefined , )",17,35
17,5,93,1,20,"ensureVoicePeer@19-38@packages/plugin-copilot/src/internal/voice-bridge.ts","packages/plugin-copilot/src/internal/voice-bridge.ts","ensureVoicePeer","ensureVoicePeer ( config CopilotVoiceConfig undefined , )",19,38
19,12,131,1,19,"constructor@74-92@packages/plugin-copilot/src/internal/runtime.ts","packages/plugin-copilot/src/internal/runtime.ts","constructor","constructor ( opts CopilotRuntimeOptions )",74,92
8,2,76,1,8,"registerCopilot@95-102@packages/plugin-copilot/src/internal/runtime.ts","packages/plugin-copilot/src/internal/runtime.ts","registerCopilot","registerCopilot ( descriptor CopilotDescriptor )",95,102
4,2,38,1,4,"unregisterCopilot@105-108@packages/plugin-copilot/src/internal/runtime.ts","packages/plugin-copilot/src/internal/runtime.ts","unregisterCopilot","unregisterCopilot ( id )",105,108
3,1,12,0,3,"(anonymous)@133-135@packages/plugin-copilot/src/internal/runtime.ts","packages/plugin-copilot/src/internal/runtime.ts","(anonymous)","(anonymous)",133,135
1,1,6,0,1,"(anonymous)@138-138@packages/plugin-copilot/src/internal/runtime.ts","packages/plugin-copilot/src/internal/runtime.ts","(anonymous)","(anonymous)",138,138
3,1,27,0,3,"(anonymous)@143-145@packages/plugin-copilot/src/internal/runtime.ts","packages/plugin-copilot/src/internal/runtime.ts","(anonymous)","(anonymous)",143,145
1,1,2,0,1,"reg.unsubscribeRoom@155-155@packages/plugin-copilot/src/internal/runtime.ts","packages/plugin-copilot/src/internal/runtime.ts","reg.unsubscribeRoom","reg.unsubscribeRoom",155,155
1,1,2,0,1,"reg.unscheduleIdle@157-157@packages/plugin-copilot/src/internal/runtime.ts","packages/plugin-copilot/src/internal/runtime.ts","reg.unscheduleIdle","reg.unscheduleIdle",157,157
2,1,19,1,2,"safeParse@221-222@packages/plugin-copilot/src/internal/runtime.ts","packages/plugin-copilot/src/internal/runtime.ts","safeParse","safeParse ( v )",221,222
2,1,9,1,2,"parse@222-223@packages/plugin-copilot/src/internal/runtime.ts","packages/plugin-copilot/src/internal/runtime.ts","parse","parse ( v )",222,223
9,4,90,3,9,"framePrompt@291-299@packages/plugin-copilot/src/internal/runtime.ts","packages/plugin-copilot/src/internal/runtime.ts","framePrompt","framePrompt ( frame CopilotFrame , action , systemPrompt undefined )",291,299
1,1,11,1,1,"constructor@31-31@packages/plugin-copilot/src/internal/budget-bridge.ts","packages/plugin-copilot/src/internal/budget-bridge.ts","constructor","constructor ( private readonly config CopilotBudgetConfig undefined )",31,31
3,1,24,2,3,"getKey@33-35@packages/plugin-copilot/src/internal/budget-bridge.ts","packages/plugin-copilot/src/internal/budget-bridge.ts","getKey","getKey ( copilotId , roomId )",33,35
22,4,143,1,23,"getOrInitState@37-59@packages/plugin-copilot/src/internal/budget-bridge.ts","packages/plugin-copilot/src/internal/budget-bridge.ts","getOrInitState","getOrInitState ( key )",37,59
23,9,196,3,24,"preflightCheck@65-88@packages/plugin-copilot/src/internal/budget-bridge.ts","packages/plugin-copilot/src/internal/budget-bridge.ts","preflightCheck","preflightCheck ( copilotId , roomId , estimatedUsd )",65,88
6,3,64,3,6,"charge@93-98@packages/plugin-copilot/src/internal/budget-bridge.ts","packages/plugin-copilot/src/internal/budget-bridge.ts","charge","charge ( copilotId , roomId , actualUsd )",93,98
16,1,141,2,18,"getUsage@101-118@packages/plugin-copilot/src/internal/budget-bridge.ts","packages/plugin-copilot/src/internal/budget-bridge.ts","getUsage","getUsage ( copilotId , roomId )",101,118
6,1,28,2,6,"constructor@31-36@packages/plugin-copilot/src/agent-room-member.ts","packages/plugin-copilot/src/agent-room-member.ts","constructor","constructor ( readonly copilot CopilotDescriptor , private readonly provider CopilotRealtimeProvider , )",31,36
10,2,68,0,10,"join@39-48@packages/plugin-copilot/src/agent-room-member.ts","packages/plugin-copilot/src/agent-room-member.ts","join","join ( )",39,48
5,2,44,0,5,"leave@51-55@packages/plugin-copilot/src/agent-room-member.ts","packages/plugin-copilot/src/agent-room-member.ts","leave","leave ( )",51,55
6,3,73,2,6,"setTyping@58-63@packages/plugin-copilot/src/agent-room-member.ts","packages/plugin-copilot/src/agent-room-member.ts","setTyping","setTyping ( typing , progress )",58,63
9,2,75,2,9,"broadcastMessage@66-74@packages/plugin-copilot/src/agent-room-member.ts","packages/plugin-copilot/src/agent-room-member.ts","broadcastMessage","broadcastMessage ( text , extra Record )",66,74
7,2,66,2,7,"broadcastEvent@77-83@packages/plugin-copilot/src/agent-room-member.ts","packages/plugin-copilot/src/agent-room-member.ts","broadcastEvent","broadcastEvent ( event , payload Record )",77,83
3,1,11,0,3,"get isJoined@86-88@packages/plugin-copilot/src/agent-room-member.ts","packages/plugin-copilot/src/agent-room-member.ts","get isJoined","get isJoined ( )",86,88
11,4,102,2,11,"identityToPresence@91-101@packages/plugin-copilot/src/agent-room-member.ts","packages/plugin-copilot/src/agent-room-member.ts","identityToPresence","identityToPresence ( identity CopilotIdentity , initial Record , )",91,101
63,23,385,1,63,"defineCopilot@74-136@packages/plugin-copilot/src/define-copilot.ts","packages/plugin-copilot/src/define-copilot.ts","defineCopilot","defineCopilot ( opts DefineCopilotOptions )",74,136
13,5,99,1,15,"defineCopilotRealtimeProvider@20-34@packages/plugin-copilot/src/provider.ts","packages/plugin-copilot/src/provider.ts","defineCopilotRealtimeProvider","defineCopilotRealtimeProvider ( impl CopilotRealtimeProvider )",20,34
1,1,8,1,1,"filter@60-60@packages/plugin-copilot/src/types.ts","packages/plugin-copilot/src/types.ts","filter","filter ( frame CopilotFrame )",60,60
1,1,5,0,1,"(anonymous)@175-175@packages/plugin-copilot/src/types.ts","packages/plugin-copilot/src/types.ts","(anonymous)","(anonymous)",175,175
4,3,59,2,4,"constructor@204-207@packages/plugin-copilot/src/types.ts","packages/plugin-copilot/src/types.ts","constructor","constructor ( message , options code cause )",204,207
3,3,44,2,3,"constructor@218-220@packages/plugin-copilot/src/types.ts","packages/plugin-copilot/src/types.ts","constructor","constructor ( message , options code cause )",218,220
3,3,44,2,3,"constructor@231-233@packages/plugin-copilot/src/types.ts","packages/plugin-copilot/src/types.ts","constructor","constructor ( message , options code cause )",231,233
15,4,60,0,16,"(anonymous)@95-110@packages/plugin-voice/src/ui/use-tts.ts","packages/plugin-voice/src/ui/use-tts.ts","(anonymous)","(anonymous)",95,110
7,1,25,0,7,"(anonymous)@112-118@packages/plugin-voice/src/ui/use-tts.ts","packages/plugin-voice/src/ui/use-tts.ts","(anonymous)","(anonymous)",112,118
19,10,135,0,25,"(anonymous)@121-145@packages/plugin-voice/src/ui/use-tts.ts","packages/plugin-voice/src/ui/use-tts.ts","(anonymous)","(anonymous)",121,145
1,1,2,0,1,"(anonymous)@159-159@packages/plugin-voice/src/ui/use-tts.ts","packages/plugin-voice/src/ui/use-tts.ts","(anonymous)","(anonymous)",159,159
43,7,314,1,99,"useTts@70-168@packages/plugin-voice/src/ui/use-tts.ts","packages/plugin-voice/src/ui/use-tts.ts","useTts","useTts ( options UseTtsOptions )",70,168
1,3,13,1,1,"audio@188-188@packages/plugin-voice/src/ui/use-tts.ts","packages/plugin-voice/src/ui/use-tts.ts","audio","audio ( audioFactory ( ( )",188,188
4,1,17,0,4,"handleEnded@192-195@packages/plugin-voice/src/ui/use-tts.ts","packages/plugin-voice/src/ui/use-tts.ts","handleEnded","handleEnded ( )",192,195
6,1,30,0,6,"handleError@197-202@packages/plugin-voice/src/ui/use-tts.ts","packages/plugin-voice/src/ui/use-tts.ts","handleError","handleError ( )",197,202
2,1,4,0,2,"(anonymous)@229-230@packages/plugin-voice/src/ui/use-tts.ts","packages/plugin-voice/src/ui/use-tts.ts","(anonymous)","(anonymous)",229,230
2,1,6,0,2,"(anonymous)@228-229@packages/plugin-voice/src/ui/use-tts.ts","packages/plugin-voice/src/ui/use-tts.ts","(anonymous)","(anonymous)",228,229
5,1,10,0,5,"(anonymous)@60-64@packages/plugin-voice/src/ui/talk-options.tsx","packages/plugin-voice/src/ui/talk-options.tsx","(anonymous)","(anonymous)",60,64
5,1,14,0,5,"(anonymous)@76-80@packages/plugin-voice/src/ui/talk-options.tsx","packages/plugin-voice/src/ui/talk-options.tsx","(anonymous)","(anonymous)",76,80
27,2,133,4,41,"TalkOptions@43-83@packages/plugin-voice/src/ui/talk-options.tsx","packages/plugin-voice/src/ui/talk-options.tsx","TalkOptions","TalkOptions ( value , onChange , className , hideSpeed false TalkOptionsProps )",43,83
8,1,33,1,8,"SpinnerIcon@42-49@packages/plugin-voice/src/ui/icons.tsx","packages/plugin-voice/src/ui/icons.tsx","SpinnerIcon","SpinnerIcon ( props IconProps )",42,49
9,1,25,1,9,"AlertIcon@51-59@packages/plugin-voice/src/ui/icons.tsx","packages/plugin-voice/src/ui/icons.tsx","AlertIcon","AlertIcon ( props IconProps )",51,59
8,1,24,1,8,"RetryIcon@61-68@packages/plugin-voice/src/ui/icons.tsx","packages/plugin-voice/src/ui/icons.tsx","RetryIcon","RetryIcon ( props IconProps )",61,68
10,1,33,1,28,"StopIcon@34-61@packages/plugin-voice/src/ui/icons.tsx","packages/plugin-voice/src/ui/icons.tsx","StopIcon","StopIcon ( props IconProps )",34,61
25,3,104,4,25,"VoiceAlert@36-60@packages/plugin-voice/src/ui/alert.tsx","packages/plugin-voice/src/ui/alert.tsx","VoiceAlert","VoiceAlert ( kind , title , children , className VoiceAlertProps )",36,60
4,2,15,0,4,"(anonymous)@100-103@packages/plugin-voice/src/ui/voice-recorder-bar.tsx","packages/plugin-voice/src/ui/voice-recorder-bar.tsx","(anonymous)","(anonymous)",100,103
3,1,7,0,6,"(anonymous)@99-104@packages/plugin-voice/src/ui/voice-recorder-bar.tsx","packages/plugin-voice/src/ui/voice-recorder-bar.tsx","(anonymous)","(anonymous)",99,104
7,3,46,0,7,"(anonymous)@107-113@packages/plugin-voice/src/ui/voice-recorder-bar.tsx","packages/plugin-voice/src/ui/voice-recorder-bar.tsx","(anonymous)","(anonymous)",107,113
4,1,10,0,4,"(anonymous)@117-120@packages/plugin-voice/src/ui/voice-recorder-bar.tsx","packages/plugin-voice/src/ui/voice-recorder-bar.tsx","(anonymous)","(anonymous)",117,120
16,5,67,0,21,"(anonymous)@122-142@packages/plugin-voice/src/ui/voice-recorder-bar.tsx","packages/plugin-voice/src/ui/voice-recorder-bar.tsx","(anonymous)","(anonymous)",122,142
1,1,2,0,1,"(anonymous)@162-162@packages/plugin-voice/src/ui/voice-recorder-bar.tsx","packages/plugin-voice/src/ui/voice-recorder-bar.tsx","(anonymous)","(anonymous)",162,162
36,17,224,0,36,"(anonymous)@144-179@packages/plugin-voice/src/ui/voice-recorder-bar.tsx","packages/plugin-voice/src/ui/voice-recorder-bar.tsx","(anonymous)","(anonymous)",144,179
25,2,170,11,102,"VoiceRecorderBar@81-182@packages/plugin-voice/src/ui/voice-recorder-bar.tsx","packages/plugin-voice/src/ui/voice-recorder-bar.tsx","VoiceRecorderBar","VoiceRecorderBar ( onTranscript , onError , sttEndpoint , fieldName , language , renderError , className , recorderFactory , fetchImpl , csrfHeader DEFAULT_CSRF_HEADER , VoiceRecorderBarProps )",81,182
13,4,38,0,13,"onClick@188-200@packages/plugin-voice/src/ui/voice-recorder-bar.tsx","packages/plugin-voice/src/ui/voice-recorder-bar.tsx","onClick","onClick ( )",188,200
23,4,103,1,23,"mapErrorToState@256-278@packages/plugin-voice/src/ui/voice-recorder-bar.tsx","packages/plugin-voice/src/ui/voice-recorder-bar.tsx","mapErrorToState","mapErrorToState ( err Error )",256,278
7,1,46,1,8,"validateVoiceOptions@87-94@packages/plugin-voice/src/options.ts","packages/plugin-voice/src/options.ts","validateVoiceOptions","validateVoiceOptions ( options VoiceOptions )",87,94
16,9,106,1,17,"resolveStt@94-110@packages/plugin-voice/src/options.ts","packages/plugin-voice/src/options.ts","resolveStt","resolveStt ( stt ResolvedVoiceOptions )",94,110
17,7,104,1,18,"resolveTts@110-127@packages/plugin-voice/src/options.ts","packages/plugin-voice/src/options.ts","resolveTts","resolveTts ( tts ResolvedVoiceOptions )",110,127
4,1,33,2,6,"constructor@21-26@packages/plugin-voice/src/errors.ts","packages/plugin-voice/src/errors.ts","constructor","constructor ( message , options cause )",21,26
10,1,40,4,10,"constructor@59-68@packages/plugin-voice/src/errors.ts","packages/plugin-voice/src/errors.ts","constructor","constructor ( provider , status , message , options cause , )",59,68
4,1,18,1,17,"resolveVoiceConfig@62-78@packages/plugin-voice/src/index.ts","packages/plugin-voice/src/index.ts","resolveVoiceConfig","resolveVoiceConfig ( options VoiceOptions )",62,78
2,1,4,0,3,"register@83-85@packages/plugin-voice/src/index.ts","packages/plugin-voice/src/index.ts","register","register ( )",83,85
8,1,30,1,15,"voicePlugin@78-92@packages/plugin-voice/src/index.ts","packages/plugin-voice/src/index.ts","voicePlugin","voicePlugin ( options VoiceOptions )",78,92
1,1,2,0,1,"(anonymous)@122-122@packages/plugin-voice/src/stt-server.ts","packages/plugin-voice/src/stt-server.ts","(anonymous)","(anonymous)",122,122
57,16,387,3,67,"handleSttRequest@67-133@packages/plugin-voice/src/stt-server.ts","packages/plugin-voice/src/stt-server.ts","handleSttRequest","handleSttRequest ( input SttInput , config VoiceConfig , opts SttHandlerOptions , )",67,133
12,9,132,1,17,"toBlob@157-173@packages/plugin-voice/src/stt-server.ts","packages/plugin-voice/src/stt-server.ts","toBlob","toBlob ( audio SttAudio )",157,173
3,2,28,2,3,"truncate@191-193@packages/plugin-voice/src/stt-server.ts","packages/plugin-voice/src/stt-server.ts","truncate","truncate ( s , n )",191,193
20,4,68,0,24,"ensureSecureContext@93-116@packages/plugin-voice/src/recorder.ts","packages/plugin-voice/src/recorder.ts","ensureSecureContext","ensureSecureContext ( )",93,116
3,2,20,0,5,"(anonymous)@130-134@packages/plugin-voice/src/recorder.ts","packages/plugin-voice/src/recorder.ts","(anonymous)","(anonymous)",130,134
6,2,25,0,7,"(anonymous)@135-141@packages/plugin-voice/src/recorder.ts","packages/plugin-voice/src/recorder.ts","(anonymous)","(anonymous)",135,141
10,2,39,0,10,"(anonymous)@142-151@packages/plugin-voice/src/recorder.ts","packages/plugin-voice/src/recorder.ts","(anonymous)","(anonymous)",142,151
24,3,136,0,45,"doStart@116-160@packages/plugin-voice/src/recorder.ts","packages/plugin-voice/src/recorder.ts","doStart","doStart ( )",116,160
3,1,5,0,3,"(anonymous)@175-177@packages/plugin-voice/src/recorder.ts","packages/plugin-voice/src/recorder.ts","(anonymous)","(anonymous)",175,177
11,4,63,0,18,"start@162-179@packages/plugin-voice/src/recorder.ts","packages/plugin-voice/src/recorder.ts","start","start ( )",162,179
4,1,13,1,4,"stopResolve@191-194@packages/plugin-voice/src/recorder.ts","packages/plugin-voice/src/recorder.ts","stopResolve","stopResolve ( blob )",191,194
4,1,13,1,4,"stopReject@195-198@packages/plugin-voice/src/recorder.ts","packages/plugin-voice/src/recorder.ts","stopReject","stopReject ( reason )",195,198
4,1,8,0,10,"(anonymous)@190-199@packages/plugin-voice/src/recorder.ts","packages/plugin-voice/src/recorder.ts","(anonymous)","(anonymous)",190,199
19,3,88,0,28,"stop@181-208@packages/plugin-voice/src/recorder.ts","packages/plugin-voice/src/recorder.ts","stop","stop ( )",181,208
7,1,20,0,8,"release@210-217@packages/plugin-voice/src/recorder.ts","packages/plugin-voice/src/recorder.ts","release","release ( )",210,217
9,3,36,0,10,"releaseStream@217-226@packages/plugin-voice/src/recorder.ts","packages/plugin-voice/src/recorder.ts","releaseStream","releaseStream ( )",217,226
2,1,6,0,2,"state@229-230@packages/plugin-voice/src/recorder.ts","packages/plugin-voice/src/recorder.ts","state","state ( )",229,230
21,7,140,1,165,"createRecorder@78-242@packages/plugin-voice/src/recorder.ts","packages/plugin-voice/src/recorder.ts","createRecorder","createRecorder ( opts CreateRecorderOptions )",78,242
30,7,140,1,31,"mapMediaError@242-272@packages/plugin-voice/src/recorder.ts","packages/plugin-voice/src/recorder.ts","mapMediaError","mapMediaError ( err )",242,272
9,7,74,1,11,"readErrorName@272-282@packages/plugin-voice/src/recorder.ts","packages/plugin-voice/src/recorder.ts","readErrorName","readErrorName ( err )",272,282
50,16,287,3,61,"handleTtsRequest@43-103@packages/plugin-voice/src/tts-server.ts","packages/plugin-voice/src/tts-server.ts","handleTtsRequest","handleTtsRequest ( input TtsInput , config VoiceConfig , opts TtsHandlerOptions , )",43,103
1,1,2,0,1,"(anonymous)@113-113@packages/plugin-voice/src/tts-server.ts","packages/plugin-voice/src/tts-server.ts","(anonymous)","(anonymous)",113,113
7,1,50,3,8,"jsonError@140-147@packages/plugin-voice/src/tts-server.ts","packages/plugin-voice/src/tts-server.ts","jsonError","jsonError ( status , code , message )",140,147
3,2,28,2,3,"truncate@147-149@packages/plugin-voice/src/tts-server.ts","packages/plugin-voice/src/tts-server.ts","truncate","truncate ( s , n )",147,149
5,1,20,0,5,"(anonymous)@90-94@packages/plugin-realtime/src/react/index.ts","packages/plugin-realtime/src/react/index.ts","(anonymous)","(anonymous)",90,94
1,1,10,0,1,"listenersRef@96-96@packages/plugin-realtime/src/react/index.ts","packages/plugin-realtime/src/react/index.ts","listenersRef","listenersRef",96,96
3,2,15,0,3,"(anonymous)@100-102@packages/plugin-realtime/src/react/index.ts","packages/plugin-realtime/src/react/index.ts","(anonymous)","(anonymous)",100,102
5,1,17,0,5,"(anonymous)@105-109@packages/plugin-realtime/src/react/index.ts","packages/plugin-realtime/src/react/index.ts","(anonymous)","(anonymous)",105,109
60,19,350,0,63,"(anonymous)@119-181@packages/plugin-realtime/src/react/index.ts","packages/plugin-realtime/src/react/index.ts","(anonymous)","(anonymous)",119,181
4,1,12,0,4,"(anonymous)@182-185@packages/plugin-realtime/src/react/index.ts","packages/plugin-realtime/src/react/index.ts","(anonymous)","(anonymous)",182,185
8,5,53,0,73,"(anonymous)@114-186@packages/plugin-realtime/src/react/index.ts","packages/plugin-realtime/src/react/index.ts","(anonymous)","(anonymous)",114,186
4,1,34,0,9,"emit@192-200@packages/plugin-realtime/src/react/index.ts","packages/plugin-realtime/src/react/index.ts","emit","emit ( )",192,200
2,1,7,0,4,"emitBroadcast@201-204@packages/plugin-realtime/src/react/index.ts","packages/plugin-realtime/src/react/index.ts","emitBroadcast","emitBroadcast ( , )",201,204
1,1,9,0,1,"(anonymous)@207-207@packages/plugin-realtime/src/react/index.ts","packages/plugin-realtime/src/react/index.ts","(anonymous)","(anonymous)",207,207
4,1,19,1,4,"subscribe@205-208@packages/plugin-realtime/src/react/index.ts","packages/plugin-realtime/src/react/index.ts","subscribe","subscribe ( cb )",205,208
8,1,19,0,22,"(anonymous)@189-210@packages/plugin-realtime/src/react/index.ts","packages/plugin-realtime/src/react/index.ts","(anonymous)","(anonymous)",189,210
18,1,179,1,129,"RoomProvider@88-216@packages/plugin-realtime/src/react/index.ts","packages/plugin-realtime/src/react/index.ts","RoomProvider","RoomProvider ( props RoomProviderProps )",88,216
10,2,36,0,16,"useRoomContext@216-231@packages/plugin-realtime/src/react/index.ts","packages/plugin-realtime/src/react/index.ts","useRoomContext","useRoomContext ( )",216,231
2,1,18,1,2,"updateMyPresence@238-239@packages/plugin-realtime/src/react/index.ts","packages/plugin-realtime/src/react/index.ts","updateMyPresence","updateMyPresence ( patch )",238,239
2,1,18,2,2,"broadcast@239-240@packages/plugin-realtime/src/react/index.ts","packages/plugin-realtime/src/react/index.ts","broadcast","broadcast ( event , payload )",239,240
1,1,13,0,1,"(anonymous)@270-270@packages/plugin-realtime/src/react/index.ts","packages/plugin-realtime/src/react/index.ts","(anonymous)","(anonymous)",270,270
4,1,16,0,4,"(anonymous)@268-271@packages/plugin-realtime/src/react/index.ts","packages/plugin-realtime/src/react/index.ts","(anonymous)","(anonymous)",268,271
1,1,11,0,1,"(anonymous)@282-282@packages/plugin-realtime/src/react/index.ts","packages/plugin-realtime/src/react/index.ts","(anonymous)","(anonymous)",282,282
4,1,18,0,4,"(anonymous)@280-283@packages/plugin-realtime/src/react/index.ts","packages/plugin-realtime/src/react/index.ts","(anonymous)","(anonymous)",280,283
5,1,14,0,5,"useYDoc@293-297@packages/plugin-realtime/src/react/index.ts","packages/plugin-realtime/src/react/index.ts","useYDoc","useYDoc ( )",293,297
14,6,80,1,14,"constructor@71-84@packages/plugin-realtime/src/internal/runtime.ts","packages/plugin-realtime/src/internal/runtime.ts","constructor","constructor ( opts RealtimeRuntimeOptions )",71,84
3,1,22,1,3,"registerRoom@87-89@packages/plugin-realtime/src/internal/runtime.ts","packages/plugin-realtime/src/internal/runtime.ts","registerRoom","registerRoom ( room RoomDescriptor )",87,89
3,1,19,1,3,"unregisterRoom@92-94@packages/plugin-realtime/src/internal/runtime.ts","packages/plugin-realtime/src/internal/runtime.ts","unregisterRoom","unregisterRoom ( id )",92,94
3,1,21,1,3,"getRoom@97-99@packages/plugin-realtime/src/internal/runtime.ts","packages/plugin-realtime/src/internal/runtime.ts","getRoom","getRoom ( id )",97,99
6,1,26,4,6,"handleConnection@106-111@packages/plugin-realtime/src/internal/runtime.ts","packages/plugin-realtime/src/internal/runtime.ts","handleConnection","handleConnection ( roomId , connection ConnectionInfo , initialPresence Presence undefined , onFrame ( frame OutboundWireFrame )",106,111
6,1,26,4,6,"constructor@231-236@packages/plugin-realtime/src/internal/runtime.ts","packages/plugin-realtime/src/internal/runtime.ts","constructor","constructor ( private readonly runtime RealtimeRuntime , readonly roomId , readonly connectionId , private readonly unsubscribe RealtimeUnsubscribe , )",231,236
6,2,45,0,6,"release@238-243@packages/plugin-realtime/src/internal/runtime.ts","packages/plugin-realtime/src/internal/runtime.ts","release","release ( )",238,243
4,1,23,1,6,"encodeBytes@64-69@packages/plugin-realtime/src/internal/server-integration.ts","packages/plugin-realtime/src/internal/server-integration.ts","encodeBytes","encodeBytes ( bytes Uint8Array )",64,69
11,3,54,1,19,"frameToOutput@69-87@packages/plugin-realtime/src/internal/server-integration.ts","packages/plugin-realtime/src/internal/server-integration.ts","frameToOutput","frameToOutput ( frame RealtimeFrame )",69,87
1,1,9,0,1,"(anonymous)@103-103@packages/plugin-realtime/src/internal/server-integration.ts","packages/plugin-realtime/src/internal/server-integration.ts","(anonymous)","(anonymous)",103,103
6,3,45,1,6,"safeParse@142-147@packages/plugin-realtime/src/internal/server-integration.ts","packages/plugin-realtime/src/internal/server-integration.ts","safeParse","safeParse ( value )",142,147
3,3,16,1,3,"parse@148-150@packages/plugin-realtime/src/internal/server-integration.ts","packages/plugin-realtime/src/internal/server-integration.ts","parse","parse ( value )",148,150
7,2,36,1,7,"onFrame@187-193@packages/plugin-realtime/src/internal/server-integration.ts","packages/plugin-realtime/src/internal/server-integration.ts","onFrame","onFrame ( frame RealtimeFrame )",187,193
7,2,22,0,7,"(anonymous)@211-217@packages/plugin-realtime/src/internal/server-integration.ts","packages/plugin-realtime/src/internal/server-integration.ts","(anonymous)","(anonymous)",211,217
3,1,6,0,3,"(anonymous)@224-226@packages/plugin-realtime/src/internal/server-integration.ts","packages/plugin-realtime/src/internal/server-integration.ts","(anonymous)","(anonymous)",224,226
38,7,201,2,58,"handler@179-236@packages/plugin-realtime/src/internal/server-integration.ts","packages/plugin-realtime/src/internal/server-integration.ts","handler","handler ( input , ctx )",179,236
27,7,159,1,88,"mountRealtime@158-245@packages/plugin-realtime/src/internal/server-integration.ts","packages/plugin-realtime/src/internal/server-integration.ts","mountRealtime","mountRealtime ( opts MountRealtimeOptions )",158,245
9,3,60,0,9,"loadYjs@69-77@packages/plugin-realtime/src/yjs-provider.ts","packages/plugin-realtime/src/yjs-provider.ts","loadYjs","loadYjs ( )",69,77
8,2,66,1,8,"ensureRoom@137-144@packages/plugin-realtime/src/yjs-provider.ts","packages/plugin-realtime/src/yjs-provider.ts","ensureRoom","ensureRoom ( roomId )",137,144
9,3,111,1,9,"ensureYjs@146-154@packages/plugin-realtime/src/yjs-provider.ts","packages/plugin-realtime/src/yjs-provider.ts","ensureYjs","ensureYjs ( state YjsRoomState )",146,154
8,3,36,2,9,"fanout@156-164@packages/plugin-realtime/src/yjs-provider.ts","packages/plugin-realtime/src/yjs-provider.ts","fanout","fanout ( state YjsRoomState , frame RealtimeFrame )",156,164
7,5,73,2,7,"gcIfEmpty@166-172@packages/plugin-realtime/src/yjs-provider.ts","packages/plugin-realtime/src/yjs-provider.ts","gcIfEmpty","gcIfEmpty ( roomId , state YjsRoomState )",166,172
10,3,66,3,10,"joinRoom@177-186@packages/plugin-realtime/src/yjs-provider.ts","packages/plugin-realtime/src/yjs-provider.ts","joinRoom","joinRoom ( roomId , connection , initialPresence )",177,186
8,3,69,2,8,"leaveRoom@188-195@packages/plugin-realtime/src/yjs-provider.ts","packages/plugin-realtime/src/yjs-provider.ts","leaveRoom","leaveRoom ( roomId , connectionId )",188,195
10,2,52,4,10,"broadcast@197-206@packages/plugin-realtime/src/yjs-provider.ts","packages/plugin-realtime/src/yjs-provider.ts","broadcast","broadcast ( roomId , connectionId , event , payload )",197,206
13,3,94,3,13,"updatePresence@208-220@packages/plugin-realtime/src/yjs-provider.ts","packages/plugin-realtime/src/yjs-provider.ts","updatePresence","updatePresence ( roomId , connectionId , patch )",208,220
9,3,76,1,9,"getPresence@222-230@packages/plugin-realtime/src/yjs-provider.ts","packages/plugin-realtime/src/yjs-provider.ts","getPresence","getPresence ( roomId )",222,230
4,1,18,0,4,"(anonymous)@235-238@packages/plugin-realtime/src/yjs-provider.ts","packages/plugin-realtime/src/yjs-provider.ts","(anonymous)","(anonymous)",235,238
5,1,32,2,8,"subscribeRoom@232-239@packages/plugin-realtime/src/yjs-provider.ts","packages/plugin-realtime/src/yjs-provider.ts","subscribeRoom","subscribeRoom ( roomId , listener )",232,239
13,3,98,3,13,"applyYjsUpdate@241-253@packages/plugin-realtime/src/yjs-provider.ts","packages/plugin-realtime/src/yjs-provider.ts","applyYjsUpdate","applyYjsUpdate ( roomId , connectionId , bytes )",241,253
13,3,100,3,13,"applyYjsAwareness@255-267@packages/plugin-realtime/src/yjs-provider.ts","packages/plugin-realtime/src/yjs-provider.ts","applyYjsAwareness","applyYjsAwareness ( roomId , connectionId , bytes )",255,267
22,3,97,1,142,"createYjsRealtimeProvider@131-272@packages/plugin-realtime/src/yjs-provider.ts","packages/plugin-realtime/src/yjs-provider.ts","createYjsRealtimeProvider","createYjsRealtimeProvider ( opts YjsRealtimeProviderOptions , )",131,272
27,11,166,1,27,"defineRealtimeProvider@33-59@packages/plugin-realtime/src/provider.ts","packages/plugin-realtime/src/provider.ts","defineRealtimeProvider","defineRealtimeProvider ( impl RealtimeProvider )",33,59
8,2,58,1,8,"ensureRoom@39-46@packages/plugin-realtime/src/memory-provider.ts","packages/plugin-realtime/src/memory-provider.ts","ensureRoom","ensureRoom ( roomId )",39,46
10,4,54,2,12,"fanout@48-59@packages/plugin-realtime/src/memory-provider.ts","packages/plugin-realtime/src/memory-provider.ts","fanout","fanout ( roomId , frame RealtimeFrame )",48,59
10,3,66,3,10,"joinRoom@64-73@packages/plugin-realtime/src/memory-provider.ts","packages/plugin-realtime/src/memory-provider.ts","joinRoom","joinRoom ( roomId , connection , initialPresence )",64,73
10,5,89,2,11,"leaveRoom@75-85@packages/plugin-realtime/src/memory-provider.ts","packages/plugin-realtime/src/memory-provider.ts","leaveRoom","leaveRoom ( roomId , connectionId )",75,85
10,2,52,4,13,"broadcast@87-99@packages/plugin-realtime/src/memory-provider.ts","packages/plugin-realtime/src/memory-provider.ts","broadcast","broadcast ( roomId , connectionId , event , payload )",87,99
13,3,94,3,13,"updatePresence@101-113@packages/plugin-realtime/src/memory-provider.ts","packages/plugin-realtime/src/memory-provider.ts","updatePresence","updatePresence ( roomId , connectionId , patch )",101,113
9,3,76,1,10,"getPresence@115-124@packages/plugin-realtime/src/memory-provider.ts","packages/plugin-realtime/src/memory-provider.ts","getPresence","getPresence ( roomId )",115,124
6,3,38,0,6,"(anonymous)@129-134@packages/plugin-realtime/src/memory-provider.ts","packages/plugin-realtime/src/memory-provider.ts","(anonymous)","(anonymous)",129,134
5,1,32,2,10,"subscribeRoom@126-135@packages/plugin-realtime/src/memory-provider.ts","packages/plugin-realtime/src/memory-provider.ts","subscribeRoom","subscribeRoom ( roomId , listener )",126,135
15,1,61,0,110,"createMemoryRealtimeProvider@36-145@packages/plugin-realtime/src/memory-provider.ts","packages/plugin-realtime/src/memory-provider.ts","createMemoryRealtimeProvider","createMemoryRealtimeProvider ( )",36,145
4,3,59,2,4,"constructor@197-200@packages/plugin-realtime/src/types.ts","packages/plugin-realtime/src/types.ts","constructor","constructor ( message , options code cause )",197,200
4,1,44,2,4,"constructor@213-216@packages/plugin-realtime/src/types.ts","packages/plugin-realtime/src/types.ts","constructor","constructor ( message , options issues cause )",213,216
4,1,44,2,4,"constructor@229-232@packages/plugin-realtime/src/types.ts","packages/plugin-realtime/src/types.ts","constructor","constructor ( message , options issues cause )",229,232
3,1,23,1,3,"constructor@243-245@packages/plugin-realtime/src/types.ts","packages/plugin-realtime/src/types.ts","constructor","constructor ( roomId )",243,245
6,1,30,1,6,"constructor@258-263@packages/plugin-realtime/src/types.ts","packages/plugin-realtime/src/types.ts","constructor","constructor ( roomId )",258,263
10,2,35,0,10,"useTheoFormState@62-71@packages/plugin-forms/src/context/TheoFormContext.tsx","packages/plugin-forms/src/context/TheoFormContext.tsx","useTheoFormState","useTheoFormState ( )",62,71
11,2,41,0,17,"useTheoFieldRegister@45-61@packages/plugin-forms/src/components/TheoField.tsx","packages/plugin-forms/src/components/TheoField.tsx","useTheoFieldRegister","useTheoFieldRegister ( )",45,61
11,2,36,0,12,"useTheoFieldScope@61-72@packages/plugin-forms/src/components/TheoField.tsx","packages/plugin-forms/src/components/TheoField.tsx","useTheoFieldScope","useTheoFieldScope ( )",61,72
3,1,29,1,3,"setValue@54-56@packages/plugin-forms/src/hooks/useTheoField.ts","packages/plugin-forms/src/hooks/useTheoField.ts","setValue","setValue ( v )",54,56
23,2,110,1,34,"useTheoField@40-73@packages/plugin-forms/src/hooks/useTheoField.ts","packages/plugin-forms/src/hooks/useTheoField.ts","useTheoField","useTheoField ( name )",40,73
22,13,185,2,22,"walkErrorsByPath@73-94@packages/plugin-forms/src/hooks/useTheoField.ts","packages/plugin-forms/src/hooks/useTheoField.ts","walkErrorsByPath","walkErrorsByPath ( errors Record , path , )",73,94
1,1,2,0,1,"(anonymous)@27-27@packages/plugin-forms/src/adapter/applyActionErrorsToForm.ts","packages/plugin-forms/src/adapter/applyActionErrorsToForm.ts","(anonymous)","(anonymous)",27,27
10,4,72,2,10,"applyActionErrorsToForm@49-58@packages/plugin-forms/src/adapter/applyActionErrorsToForm.ts","packages/plugin-forms/src/adapter/applyActionErrorsToForm.ts","applyActionErrorsToForm","applyActionErrorsToForm ( setError SetErrorCallback , fields ActionInputErrorLike , )",49,58
8,7,57,1,8,"resolveOptions@52-59@packages/plugin-payments/src/options.ts","packages/plugin-payments/src/options.ts","resolveOptions","resolveOptions ( opts PaymentsOptions )",52,59
5,1,10,0,5,"constructor@20-24@packages/plugin-payments/src/stripe-client.ts","packages/plugin-payments/src/stripe-client.ts","constructor","constructor ( )",20,24
25,3,116,1,25,"createStripeClientGetter@34-58@packages/plugin-payments/src/stripe-client.ts","packages/plugin-payments/src/stripe-client.ts","createStripeClientGetter","createStripeClientGetter ( opts ResolvedPaymentsOptions )",34,58
5,2,29,1,5,"promise@51-55@packages/plugin-payments/src/idempotency-store.ts","packages/plugin-payments/src/idempotency-store.ts","promise","promise ( async ( )",51,55
7,2,43,1,12,"markProcessed@44-55@packages/plugin-payments/src/idempotency-store.ts","packages/plugin-payments/src/idempotency-store.ts","markProcessed","markProcessed ( eventId )",44,55
13,1,68,0,26,"createMemoryStore@38-63@packages/plugin-payments/src/idempotency-store.ts","packages/plugin-payments/src/idempotency-store.ts","createMemoryStore","createMemoryStore ( )",38,63
3,1,21,1,3,"markProcessed@100-102@packages/plugin-payments/src/idempotency-store.ts","packages/plugin-payments/src/idempotency-store.ts","markProcessed","markProcessed ( eventId )",100,102
5,1,17,1,7,"createOrmStore@98-104@packages/plugin-payments/src/idempotency-store.ts","packages/plugin-payments/src/idempotency-store.ts","createOrmStore","createOrmStore ( repo IdempotencyRepository )",98,104
3,1,13,0,3,"getStripeClient@91-93@packages/plugin-payments/src/index.ts","packages/plugin-payments/src/index.ts","getStripeClient","getStripeClient ( )",91,93
2,1,9,1,8,"register@94-101@packages/plugin-payments/src/index.ts","packages/plugin-payments/src/index.ts","register","register ( TheoPluginApp )",94,101
12,3,69,1,25,"payments@79-103@packages/plugin-payments/src/index.ts","packages/plugin-payments/src/index.ts","payments","payments ( opts PaymentsOptions )",79,103
16,4,92,2,22,"formatAmountForStripe@16-37@packages/plugin-payments/src/currency.ts","packages/plugin-payments/src/currency.ts","formatAmountForStripe","formatAmountForStripe ( amount , currency )",16,37
8,1,47,2,8,"formatAmountForDisplay@37-44@packages/plugin-payments/src/currency.ts","packages/plugin-payments/src/currency.ts","formatAmountForDisplay","formatAmountForDisplay ( amount , currency )",37,44
3,1,12,1,3,"constructor@20-22@packages/plugin-payments/src/webhook.ts","packages/plugin-payments/src/webhook.ts","constructor","constructor ( message )",20,22
2,1,6,0,2,"(anonymous)@46-47@packages/plugin-payments/src/webhook.ts","packages/plugin-payments/src/webhook.ts","(anonymous)","(anonymous)",46,47
2,1,6,0,2,"handle@82-83@packages/plugin-payments/src/webhook.ts","packages/plugin-payments/src/webhook.ts","handle","handle",82,83
8,3,78,1,9,"register@78-86@packages/plugin-payments/src/webhook.ts","packages/plugin-payments/src/webhook.ts","register","register ( handler StripeWebhookHandler )",78,86
9,5,84,1,10,"dispatch@88-97@packages/plugin-payments/src/webhook.ts","packages/plugin-payments/src/webhook.ts","dispatch","dispatch ( event Stripe Event )",88,97
4,2,37,1,4,"hasHandlersFor@100-103@packages/plugin-payments/src/webhook.ts","packages/plugin-payments/src/webhook.ts","hasHandlersFor","hasHandlersFor ( eventType Stripe Event )",100,103
19,4,90,4,32,"verifyAndParseWebhook@115-146@packages/plugin-payments/src/webhook.ts","packages/plugin-payments/src/webhook.ts","verifyAndParseWebhook","verifyAndParseWebhook ( stripe Stripe , rawBody , signatureHeader undefined , webhookSecret , )",115,146
33,5,191,1,33,"processWebhook@151-183@packages/plugin-payments/src/webhook.ts","packages/plugin-payments/src/webhook.ts","processWebhook","processWebhook ( opts stripe Stripe rawBody signatureHeader undefined webhookSecret registry WebhookRegistry store IdempotencyStore )",151,183
12,2,68,2,12,"createCheckoutSession@39-50@packages/plugin-payments/src/checkout.ts","packages/plugin-payments/src/checkout.ts","createCheckoutSession","createCheckoutSession ( client Stripe , params Stripe Checkout SessionCreateParams , )",39,50
2,1,11,0,2,"buildArgs@55-56@packages/plugin-db-drizzle/src/cli/db.ts","packages/plugin-db-drizzle/src/cli/db.ts","buildArgs","buildArgs ( )",55,56
4,1,16,0,5,"(anonymous)@52-56@packages/plugin-db-drizzle/src/cli/db.ts","packages/plugin-db-drizzle/src/cli/db.ts","(anonymous)","(anonymous)",52,56
4,1,23,1,9,"buildDbCommands@51-59@packages/plugin-db-drizzle/src/cli/db.ts","packages/plugin-db-drizzle/src/cli/db.ts","buildDbCommands","buildDbCommands ( opts ResolvedDrizzleDbOptions )",51,59
7,2,54,2,11,"baseArgs@74-84@packages/plugin-db-drizzle/src/cli/db.ts","packages/plugin-db-drizzle/src/cli/db.ts","baseArgs","baseArgs ( verb DbVerb , opts ResolvedDrizzleDbOptions )",74,84
9,7,52,1,9,"resolveOptions@64-72@packages/plugin-db-drizzle/src/options.ts","packages/plugin-db-drizzle/src/options.ts","resolveOptions","resolveOptions ( opts DrizzleDbOptions )",64,72
9,3,57,1,17,"register@54-70@packages/plugin-db-drizzle/src/index.ts","packages/plugin-db-drizzle/src/index.ts","register","register ( app TheoPluginApp )",54,70
12,3,58,1,30,"drizzleDb@48-77@packages/plugin-db-drizzle/src/index.ts","packages/plugin-db-drizzle/src/index.ts","drizzleDb","drizzleDb ( opts DrizzleDbOptions )",48,77
9,1,64,1,9,"mount@42-50@packages/plugin-db-drizzle/src/devtools.ts","packages/plugin-db-drizzle/src/devtools.ts","mount","mount ( container HTMLElement )",42,50
9,1,31,1,17,"buildDevtoolsTab@36-52@packages/plugin-db-drizzle/src/devtools.ts","packages/plugin-db-drizzle/src/devtools.ts","buildDevtoolsTab","buildDevtoolsTab ( ResolvedDrizzleDbOptions )",36,52
21,8,156,1,21,"send@66-86@packages/plugin-email/src/resend-provider.ts","packages/plugin-email/src/resend-provider.ts","send","send ( message EmailMessage )",66,86
12,3,44,1,33,"ResendProvider@58-90@packages/plugin-email/src/resend-provider.ts","packages/plugin-email/src/resend-provider.ts","ResendProvider","ResendProvider ( opts ResendProviderOptions )",58,90
7,3,65,1,7,"buildHeaders@90-96@packages/plugin-email/src/resend-provider.ts","packages/plugin-email/src/resend-provider.ts","buildHeaders","buildHeaders ( message EmailMessage )",90,96
20,9,194,1,25,"buildPayload@99-123@packages/plugin-email/src/resend-provider.ts","packages/plugin-email/src/resend-provider.ts","buildPayload","buildPayload ( message EmailMessage )",99,123
5,1,39,1,5,"createDefaultClient@123-127@packages/plugin-email/src/resend-provider.ts","packages/plugin-email/src/resend-provider.ts","createDefaultClient","createDefaultClient ( apiKey )",123,127
2,1,6,0,2,"(anonymous)@37-38@packages/plugin-email/src/templates.ts","packages/plugin-email/src/templates.ts","(anonymous)","(anonymous)",37,38
3,1,12,1,3,"defineEmailProvider@26-28@packages/plugin-email/src/provider.ts","packages/plugin-email/src/provider.ts","defineEmailProvider","defineEmailProvider ( impl EmailProvider )",26,28
1,1,5,0,1,"(anonymous)@22-22@packages/plugin-email/src/magic-link.ts","packages/plugin-email/src/magic-link.ts","(anonymous)","(anonymous)",22,22
21,1,114,1,23,"defaultMagicLinkHtml@59-81@packages/plugin-email/src/magic-link.ts","packages/plugin-email/src/magic-link.ts","defaultMagicLinkHtml","defaultMagicLinkHtml ( ctx magicLinkUrl expiresAt Date appName )",59,81
18,1,91,1,41,"defaultMagicLinkText@81-121@packages/plugin-email/src/magic-link.ts","packages/plugin-email/src/magic-link.ts","defaultMagicLinkText","defaultMagicLinkText ( ctx magicLinkUrl expiresAt Date appName )",81,121
1,1,7,0,1,"(anonymous)@128-128@packages/plugin-email/src/magic-link.ts","packages/plugin-email/src/magic-link.ts","(anonymous)","(anonymous)",128,128
3,1,13,1,3,"buildIdempotencyKey@155-157@packages/plugin-email/src/magic-link.ts","packages/plugin-email/src/magic-link.ts","buildIdempotencyKey","buildIdempotencyKey ( token args token )",155,157
21,2,108,0,23,"(anonymous)@136-158@packages/plugin-email/src/magic-link.ts","packages/plugin-email/src/magic-link.ts","(anonymous)","(anonymous)",136,158
17,12,115,2,41,"sendMagicLink@121-161@packages/plugin-email/src/magic-link.ts","packages/plugin-email/src/magic-link.ts","sendMagicLink","sendMagicLink ( provider EmailProvider , opts SendMagicLinkOptions , )",121,161
12,1,32,1,12,"escapeHtml@161-172@packages/plugin-email/src/magic-link.ts","packages/plugin-email/src/magic-link.ts","escapeHtml","escapeHtml ( s )",161,172
5,1,41,1,8,"renderReactEmail@26-33@packages/plugin-email/src/render-react-email.ts","packages/plugin-email/src/render-react-email.ts","renderReactEmail","renderReactEmail ( component )",26,33
5,2,60,2,5,"constructor@58-62@packages/plugin-email/src/types.ts","packages/plugin-email/src/types.ts","constructor","constructor ( message , opts provider raw cause )",58,62
5,1,28,2,5,"constructor@32-36@packages/auth-github/src/index.ts","packages/auth-github/src/index.ts","constructor","constructor ( code , message )",32,36
4,1,25,1,5,"parseCallbackUrl@51-55@packages/auth-github/src/index.ts","packages/auth-github/src/index.ts","parseCallbackUrl","parseCallbackUrl ( req IncomingMessage )",51,55
4,3,21,1,5,"resolveScopes@55-59@packages/auth-github/src/index.ts","packages/auth-github/src/index.ts","resolveScopes","resolveScopes ( opts GitHubProviderOptions )",55,59
9,1,90,1,10,"createAuthorizationURL@70-79@packages/auth-github/src/index.ts","packages/auth-github/src/index.ts","createAuthorizationURL","createAuthorizationURL ( tx OAuthTransaction )",70,79
38,4,188,2,41,"handleCallback@81-121@packages/auth-github/src/index.ts","packages/auth-github/src/index.ts","handleCallback","handleCallback ( req IncomingMessage , tx OAuthTransaction , )",81,121
1,2,8,0,1,"(anonymous)@167-167@packages/auth-github/src/index.ts","packages/auth-github/src/index.ts","(anonymous)","(anonymous)",167,167
1,1,4,0,1,"(anonymous)@168-168@packages/auth-github/src/index.ts","packages/auth-github/src/index.ts","(anonymous)","(anonymous)",168,168
51,23,288,1,113,"github@59-171@packages/auth-github/src/index.ts","packages/auth-github/src/index.ts","github","github ( opts GitHubProviderOptions )",59,171
5,1,28,2,5,"constructor@28-32@packages/auth-google/src/index.ts","packages/auth-google/src/index.ts","constructor","constructor ( code , message )",28,32
7,5,43,1,9,"resolveOidcBaseUrl@44-52@packages/auth-google/src/index.ts","packages/auth-google/src/index.ts","resolveOidcBaseUrl","resolveOidcBaseUrl ( opts GoogleProviderOptions )",44,52
5,3,37,1,6,"parseCallbackUrl@52-57@packages/auth-google/src/index.ts","packages/auth-google/src/index.ts","parseCallbackUrl","parseCallbackUrl ( req IncomingMessage )",52,57
20,2,156,1,21,"createAuthorizationURL@61-81@packages/auth-google/src/index.ts","packages/auth-google/src/index.ts","createAuthorizationURL","createAuthorizationURL ( tx OAuthTransaction )",61,81
44,5,227,2,48,"handleCallback@83-130@packages/auth-google/src/index.ts","packages/auth-google/src/index.ts","handleCallback","handleCallback ( req IncomingMessage , tx OAuthTransaction , )",83,130
56,9,246,1,132,"google@57-188@packages/auth-google/src/index.ts","packages/auth-google/src/index.ts","google","google ( opts GoogleProviderOptions )",57,188
3,1,24,3,3,"createToken@24-26@packages/auth-magic-link/src/store.ts","packages/auth-magic-link/src/store.ts","createToken","createToken ( email , token , expiresAt )",24,26
8,3,73,1,11,"consumeToken@27-37@packages/auth-magic-link/src/store.ts","packages/auth-magic-link/src/store.ts","consumeToken","consumeToken ( token )",27,37
3,1,14,1,3,"revokeToken@38-40@packages/auth-magic-link/src/store.ts","packages/auth-magic-link/src/store.ts","revokeToken","revokeToken ( token )",38,40
11,3,59,0,11,"cleanupExpired@41-51@packages/auth-magic-link/src/store.ts","packages/auth-magic-link/src/store.ts","cleanupExpired","cleanupExpired ( )",41,51
10,1,40,0,42,"createMemoryStore@20-61@packages/auth-magic-link/src/store.ts","packages/auth-magic-link/src/store.ts","createMemoryStore","createMemoryStore ( )",20,61
3,1,29,3,3,"createToken@75-77@packages/auth-magic-link/src/store.ts","packages/auth-magic-link/src/store.ts","createToken","createToken ( email , token , expiresAt )",75,77
6,3,65,1,6,"consumeToken@78-83@packages/auth-magic-link/src/store.ts","packages/auth-magic-link/src/store.ts","consumeToken","consumeToken ( token )",78,83
3,1,15,1,3,"revokeToken@84-86@packages/auth-magic-link/src/store.ts","packages/auth-magic-link/src/store.ts","revokeToken","revokeToken ( token )",84,86
3,1,15,0,3,"cleanupExpired@87-89@packages/auth-magic-link/src/store.ts","packages/auth-magic-link/src/store.ts","cleanupExpired","cleanupExpired ( )",87,89
8,1,29,1,19,"createOrmStore@73-91@packages/auth-magic-link/src/store.ts","packages/auth-magic-link/src/store.ts","createOrmStore","createOrmStore ( repo MagicLinkRepository )",73,91
5,1,28,2,5,"constructor@40-44@packages/auth-magic-link/src/index.ts","packages/auth-magic-link/src/index.ts","constructor","constructor ( code , message )",40,44
5,1,28,2,5,"constructor@49-53@packages/auth-magic-link/src/index.ts","packages/auth-magic-link/src/index.ts","constructor","constructor ( code , message )",49,53
4,1,19,0,5,"generateToken@56-60@packages/auth-magic-link/src/index.ts","packages/auth-magic-link/src/index.ts","generateToken","generateToken ( )",56,60
27,10,237,1,30,"defaultResolveEmail@60-89@packages/auth-magic-link/src/index.ts","packages/auth-magic-link/src/index.ts","defaultResolveEmail","defaultResolveEmail ( req IncomingMessage )",60,89
17,4,80,1,18,"validateEmail@91-108@packages/auth-magic-link/src/index.ts","packages/auth-magic-link/src/index.ts","validateEmail","validateEmail ( email null )",91,108
5,1,28,1,6,"magicLink@108-113@packages/auth-magic-link/src/index.ts","packages/auth-magic-link/src/index.ts","magicLink","magicLink ( opts MagicLinkProviderOptions , )",108,113
10,1,112,1,14,"startSignIn@122-135@packages/auth-magic-link/src/index.ts","packages/auth-magic-link/src/index.ts","startSignIn","startSignIn ( req IncomingMessage )",122,135
6,1,22,1,6,"createAuthorizationURL@137-142@packages/auth-magic-link/src/index.ts","packages/auth-magic-link/src/index.ts","createAuthorizationURL","createAuthorizationURL ( OAuthTransaction )",137,142
24,3,125,2,24,"handleCallback@144-167@packages/auth-magic-link/src/index.ts","packages/auth-magic-link/src/index.ts","handleCallback","handleCallback ( req IncomingMessage , OAuthTransaction , )",144,167
1,1,5,0,1,"(anonymous)@40-40@packages/auth-magic-link/src/types.ts","packages/auth-magic-link/src/types.ts","(anonymous)","(anonymous)",40,40
